{"app":["/app-c77745c8092fbe8b6c82.js"],"component---node-modules-gatsby-plugin-offline-app-shell-js":["/component---node-modules-gatsby-plugin-offline-app-shell-js-4761d21acac1f87e8392.js"],"component---src-pages-404-js":["/component---src-pages-404-js-74ffc926f0fc361b4ff2.js"],"component---src-pages-index-js":["/component---src-pages-index-js-8002e324c3ca58adf036.js"],"component---src-pages-page-2-js":["/component---src-pages-page-2-js-014ccb9909da20821497.js"],"component---src-pages-page-3-js":["/component---src-pages-page-3-js-4922c369506d5c020c63.js"],"pages-manifest":["/pages-manifest-05195feb5e3bf0eee70e.js"]}