{"errors":[],"warnings":[],"namedChunkGroups":{"app":{"chunks":[9,2],"assets":["webpack-runtime-2550ac0ab7e3f8595f58.js","webpack-runtime-2550ac0ab7e3f8595f58.js.map","app-c77745c8092fbe8b6c82.js","app-c77745c8092fbe8b6c82.js.map"],"children":{},"childAssets":{}},"component---node-modules-gatsby-plugin-offline-app-shell-js":{"chunks":[3],"assets":["component---node-modules-gatsby-plugin-offline-app-shell-js-4761d21acac1f87e8392.js","component---node-modules-gatsby-plugin-offline-app-shell-js-4761d21acac1f87e8392.js.map"],"children":{},"childAssets":{}},"component---src-pages-404-js":{"chunks":[0,1,4],"assets":["0-48f33c198d6ef09997f1.js","0-48f33c198d6ef09997f1.js.map","1.b1b26a1299436e22e57d.css","1-302ef8f62b343d57ac51.js","1-302ef8f62b343d57ac51.js.map","component---src-pages-404-js-74ffc926f0fc361b4ff2.js","component---src-pages-404-js-74ffc926f0fc361b4ff2.js.map"],"children":{},"childAssets":{}},"component---src-pages-index-js":{"chunks":[0,10,1,5],"assets":["0-48f33c198d6ef09997f1.js","0-48f33c198d6ef09997f1.js.map","10-8ce1b6456021941f97e4.js","10-8ce1b6456021941f97e4.js.map","1.b1b26a1299436e22e57d.css","1-302ef8f62b343d57ac51.js","1-302ef8f62b343d57ac51.js.map","component---src-pages-index-js-8002e324c3ca58adf036.js","component---src-pages-index-js-8002e324c3ca58adf036.js.map"],"children":{},"childAssets":{}},"component---src-pages-page-2-js":{"chunks":[0,1,6],"assets":["0-48f33c198d6ef09997f1.js","0-48f33c198d6ef09997f1.js.map","1.b1b26a1299436e22e57d.css","1-302ef8f62b343d57ac51.js","1-302ef8f62b343d57ac51.js.map","component---src-pages-page-2-js-014ccb9909da20821497.js","component---src-pages-page-2-js-014ccb9909da20821497.js.map"],"children":{},"childAssets":{}},"component---src-pages-page-3-js":{"chunks":[0,1,7],"assets":["0-48f33c198d6ef09997f1.js","0-48f33c198d6ef09997f1.js.map","1.b1b26a1299436e22e57d.css","1-302ef8f62b343d57ac51.js","1-302ef8f62b343d57ac51.js.map","component---src-pages-page-3-js-4922c369506d5c020c63.js","component---src-pages-page-3-js-4922c369506d5c020c63.js.map"],"children":{},"childAssets":{}},"pages-manifest":{"chunks":[8],"assets":["pages-manifest-05195feb5e3bf0eee70e.js","pages-manifest-05195feb5e3bf0eee70e.js.map"],"children":{},"childAssets":{}}},"assetsByChunkName":{"app":["webpack-runtime-2550ac0ab7e3f8595f58.js","app-c77745c8092fbe8b6c82.js"],"component---node-modules-gatsby-plugin-offline-app-shell-js":["component---node-modules-gatsby-plugin-offline-app-shell-js-4761d21acac1f87e8392.js"],"component---src-pages-404-js":["0-48f33c198d6ef09997f1.js","1.b1b26a1299436e22e57d.css","1-302ef8f62b343d57ac51.js","component---src-pages-404-js-74ffc926f0fc361b4ff2.js"],"component---src-pages-index-js":["0-48f33c198d6ef09997f1.js","10-8ce1b6456021941f97e4.js","1.b1b26a1299436e22e57d.css","1-302ef8f62b343d57ac51.js","component---src-pages-index-js-8002e324c3ca58adf036.js"],"component---src-pages-page-2-js":["0-48f33c198d6ef09997f1.js","1.b1b26a1299436e22e57d.css","1-302ef8f62b343d57ac51.js","component---src-pages-page-2-js-014ccb9909da20821497.js"],"component---src-pages-page-3-js":["0-48f33c198d6ef09997f1.js","1.b1b26a1299436e22e57d.css","1-302ef8f62b343d57ac51.js","component---src-pages-page-3-js-4922c369506d5c020c63.js"],"pages-manifest":["pages-manifest-05195feb5e3bf0eee70e.js"]}}